keyword,us_volume,kd_percent,cpc_usd,competition,intent,tier,seed,relevance,serp_overlap_group,verified_at
how to screen record on pc,6600,47,1.38,0.117,Informational,Strategic,how to screen record on pc,high,windows-screen-recording,2026-09-02; SEMrush Keyword Overview; US; Desktop; visible Sep 2 2026
screencasting,2400,46,1.14,0.177,Informational,Strategic,screencasting,high,screencasting-definition,2026-09-02; SEMrush Keyword Overview; US; Desktop; visible Sep 2 2026
screen recorder windows 11,1900,44,1.58,0.256,Informational,Strategic,screen recorder windows 11,high,windows-screen-recording,2026-09-02; SEMrush Keyword Overview; US; Desktop; visible Sep 2 2026
whiteboard animation,1600,45,3.80,0.318,Informational,Strategic,whiteboard animation,high,whiteboard-animation,2026-09-02; SEMrush Keyword Overview; US; Desktop; visible Sep 2 2026
screen recorder for mac,1300,40,2.01,0.139,Informational,Strategic,screen recorder for mac,high,mac-screen-recording,2026-09-02; SEMrush Keyword Overview; US; Desktop; visible Sep 2 2026
animated explainer video,1000,37,13.48,0.316,Informational/Commercial,Main,animated explainer video,high,whiteboard-animation,2026-09-02; SEMrush Keyword Overview; US; Desktop; visible Sep 2 2026
hand drawn animation,1000,39,4.23,0.037,Informational,Main,hand drawn animation,high,whiteboard-animation,2026-09-02; SEMrush Keyword Overview; US; Desktop; visible Sep 2 2026
record screen windows 11,1000,46,1.56,0.189,Informational,Strategic,record screen windows 11,high,windows-screen-recording,2026-09-02; SEMrush Keyword Overview; US; Desktop; visible Sep 2 2026
whiteboard animation software comparison chart,1000,4,0.00,0.004,Commercial,Main,whiteboard animation software,high,whiteboard-software-comparison,2026-09-02; SEMrush Keyword Overview; US; Desktop; visible Sep 2 2026
whiteboard animation software comparison,720,9,0.00,0.338,Commercial,Quick win,whiteboard animation software,high,whiteboard-software-comparison,2026-09-02; SEMrush Keyword Overview; US; Desktop; visible Sep 2 2026
whiteboard animation software,590,38,3.07,0.186,Commercial,Main,whiteboard animation software,high,whiteboard-software-comparison,2026-09-02; SEMrush Keyword Overview; US; Desktop; visible Sep 2 2026
loom alternatives,1000,23,5.47,0.569,Commercial,Main,loom alternatives,high,loom-alternatives,2026-09-02; SEMrush Keyword Overview; US; Desktop; visible Sep 2 2026
loom alternative,480,24,6.11,0.577,Commercial,Quick win,loom alternatives,high,loom-alternatives,2026-09-02; SEMrush Keyword Overview; US; Desktop; visible Sep 2 2026
whiteboard explainer video,390,29,7.73,0.368,Informational,Quick win,whiteboard explainer video,high,whiteboard-animation,2026-09-02; SEMrush Keyword Overview; US; Desktop; visible Sep 2 2026
hand drawn explainer video,50,71,0.63,0.538,Informational,Quick win,hand drawn explainer video,medium,whiteboard-animation,2026-09-02; SEMrush Keyword Overview; US; Desktop; visible Sep 2 2026
best whiteboard animation software,140,16,5.74,0.378,Commercial,Quick win,whiteboard animation software,high,whiteboard-software-comparison,2026-09-02; SEMrush Keyword Overview; US; Desktop; visible Sep 2 2026
screen studio alternative,110,9,2.85,0.227,Commercial,Quick win,screen studio alternative,high,screen-studio-alternative,2026-09-02; SEMrush Keyword Overview; US; Desktop; visible Sep 2 2026
snagit alternative,210,17,2.31,0.227,Commercial,Quick win,snagit alternative,high,snagit-alternative,2026-09-02; SEMrush Keyword Overview; US; Desktop; visible Sep 2 2026
obs studio alternative,260,18,1.52,0.257,Commercial,Quick win,obs studio alternative,high,obs-studio-alternative,2026-09-02; SEMrush Keyword Overview; US; Desktop; visible Sep 2 2026
camtasia alternative,90,14,4.35,0.736,Commercial,Quick win,screen recorder alternatives,medium,screen-recorder-alternatives,2026-09-02; SEMrush Keyword Overview; US; Desktop; visible Sep 2 2026
screencastify alternative,40,15,2.19,0.486,Commercial,Quick win,screen recorder alternatives,medium,screen-recorder-alternatives,2026-09-02; SEMrush Keyword Overview; US; Desktop; visible Sep 2 2026
how to screen record on mac with audio,3600,42,,,Informational,Strategic,screen recording with audio,high,mac-audio-recording,2026-09-02; SEMrush Keyword Overview ideas; US; Desktop; visible Sep 2 2026
record screen macbook with audio,2900,40,,,Informational,Strategic,screen recording with audio,high,mac-audio-recording,2026-09-02; SEMrush Keyword Overview ideas; US; Desktop; visible Sep 2 2026
how to record screen on mac with audio,1300,40,,,Informational,Strategic,screen recording with audio,high,mac-audio-recording,2026-09-02; SEMrush Keyword Overview ideas; US; Desktop; visible Sep 2 2026
how to screen record with audio on mac,3600,32,,,Informational,Main,screen recording with audio,high,mac-audio-recording,2026-09-02; SEMrush Keyword Overview ideas; US; Desktop; visible Sep 2 2026
screen record with audio on macbook,2900,39,,,Informational,Main,screen recording with audio,high,mac-audio-recording,2026-09-02; SEMrush Keyword Overview ideas; US; Desktop; visible Sep 2 2026
screen recording mac with audio,2900,37,,,Informational,Main,screen recording with audio,high,mac-audio-recording,2026-09-02; SEMrush Keyword Overview ideas; US; Desktop; visible Sep 2 2026
screen recorder with audio,1000,73,1.65,0.368,Informational,Strategic,screen recording with audio,medium,screen-recording-audio,2026-09-02; SEMrush Keyword Overview; US; Desktop; visible Sep 2 2026
how to record screen with audio,1300,50,1.33,0.077,Informational,Strategic,screen recording with audio,high,screen-recording-audio,2026-09-02; SEMrush Keyword Overview; US; Desktop; visible Sep 2 2026
record screen with audio,480,81,1.65,0.369,Informational,Main,screen recording with audio,medium,screen-recording-audio,2026-09-02; SEMrush Keyword Overview; US; Desktop; visible Sep 2 2026
how to record audio with screen capture,1900,65,,,Informational,Strategic,screen recording with audio,high,screen-recording-audio,2026-09-02; SEMrush Keyword Overview ideas; US; Desktop; visible Sep 2 2026
tab audio recorder,110,33,1.30,0.07,Informational,Main,browser tab capture,high,browser-tab-audio,2026-09-02; SEMrush Keyword Overview; US; Desktop; https://sem.3ue.com/analytics/keywordoverview/; visible Sep 2 2026
record tab audio,70,24,1.24,0.12,Informational,Quick win,browser tab capture,high,browser-tab-audio,2026-09-02; SEMrush Keyword Overview; US; Desktop; https://sem.3ue.com/analytics/keywordoverview/; visible Sep 2 2026
screen recorder chrome,1000,73,1.61,0.124,Commercial,Strategic,browser tab capture,medium,browser-tab-audio,2026-09-02; SEMrush Keyword Overview; US; Desktop; visible Sep 2 2026
chrome screen recorder,1600,72,1.67,0.316,Informational,Strategic,browser tab capture,medium,browser-tab-audio,2026-09-02; SEMrush Keyword Overview; US; Desktop; visible Sep 2 2026
browser screen recorder,140,66,1.53,0.325,Informational,Main,browser tab capture,medium,browser-tab-audio,2026-09-02; SEMrush Keyword Overview; US; Desktop; visible Sep 2 2026
web based screen recorder,50,78,1.39,0.293,Informational,Quick win,browser tab capture,medium,browser-tab-audio,2026-09-02; SEMrush Keyword Overview; US; Desktop; visible Sep 2 2026
online screen recorder no download,90,74,0.00,0.013,Commercial,Quick win,browser tab capture,medium,browser-tab-audio,2026-09-02; SEMrush Keyword Overview; US; Desktop; visible Sep 2 2026
video notes,480,23,1.51,0.09,Informational,Quick win,video notes,high,video-notes,2026-09-02; SEMrush Keyword Overview; US; Desktop; https://sem.3ue.com/analytics/keywordoverview/; visible Sep 2 2026
video to notes,1000,50,1.73,0.384,Informational,Strategic,video notes,high,video-notes,2026-09-02; SEMrush Keyword Overview; US; Desktop; visible Sep 2 2026
video summary generator,320,56,1.27,0.124,Commercial,Main,video notes,medium,video-notes,2026-09-02; SEMrush Keyword Overview; US; Desktop; visible Sep 2 2026
screen recorder with webcam,210,86,1.52,0.266,Informational,Main,screen plus webcam,high,screen-webcam-recording,2026-09-02; SEMrush Keyword Overview; US; Desktop; visible Sep 2 2026
screen recorder with camera,170,86,1.52,0.266,Informational,Main,screen plus webcam,high,screen-webcam-recording,2026-09-02; SEMrush Keyword Overview; US; Desktop; visible Sep 2 2026
record screen and webcam,70,79,1.56,0.508,Informational,Quick win,screen plus webcam,medium,screen-webcam-recording,2026-09-02; SEMrush Keyword Overview; US; Desktop; visible Sep 2 2026
record screen and camera at the same time,90,22,1.69,0.608,Informational,Quick win,screen plus webcam,medium,screen-webcam-recording,2026-09-02; SEMrush Keyword Overview; US; Desktop; visible Sep 2 2026
whiteboard animation maker,390,40,2.47,0.274,Commercial,Main,whiteboard video maker,medium,whiteboard-video-maker,2026-09-02; SEMrush Keyword Overview; US; Desktop; visible Sep 2 2026
whiteboard video maker,320,33,3.51,0.407,Commercial,Main,whiteboard video maker,medium,whiteboard-video-maker,2026-09-02; SEMrush Keyword Overview; US; Desktop; visible Sep 2 2026
animated explainer video maker,210,40,8.26,0.506,Commercial,Main,animated explainer video,medium,animated-explainer-video,2026-09-02; SEMrush Keyword Overview; US; Desktop; visible Sep 2 2026
screen recorder for tutorials,110,78,12.76,0.027,Informational,Main,tutorial video,medium,tutorial-video,2026-09-02; SEMrush Keyword Overview; US; Desktop; visible Sep 2 2026
how to make a tutorial video,170,36,9.09,0.187,Informational,Main,tutorial video,medium,tutorial-video,2026-09-02; SEMrush Keyword Overview; US; Desktop; visible Sep 2 2026
software demo video,110,37,11.63,0.205,Informational,Main,software demo video,medium,software-demo-video,2026-09-02; SEMrush Keyword Overview; US; Desktop; visible Sep 2 2026
product demo video maker,90,24,7.89,0.538,Commercial,Quick win,software demo video,medium,software-demo-video,2026-09-02; SEMrush Keyword Overview; US; Desktop; visible Sep 2 2026
software demo video maker,30,23,17.23,0.525,Commercial,Quick win,software demo video,medium,software-demo-video,2026-09-02; SEMrush Keyword Overview; US; Desktop; visible Sep 2 2026
lecture recording software,90,22,3.62,0.148,Informational/Commercial,Quick win,online course recording,medium,online-course-recording,2026-09-02; SEMrush Keyword Overview; US; Desktop; visible Sep 2 2026
digital whiteboard recorder,20,27,0.00,0.335,Informational,Quick win,digital whiteboard recorder,medium,whiteboard-recorder,2026-09-02; SEMrush Keyword Overview; US; Desktop; visible Sep 2 2026
